{"v":"5.5.7","meta":{"g":"LottieFiles AE 0.1.20","a":"","k":"","d":"","tc":"none"},"fr":24,"ip":0,"op":64,"w":1080,"h":1080,"nm":"pin_tracker_lottie_test_check3","ddd":0,"assets":[],"layers":[{"ddd":0,"ind":1,"ty":4,"nm":"mask_layer 3","td":1,"sr":1,"ks":{"o":{"a":0,"k":100,"ix":11},"r":{"a":0,"k":0,"ix":10},"p":{"a":0,"k":[540,540,0],"ix":2},"a":{"a":0,"k":[0,0,0],"ix":1},"s":{"a":0,"k":[100,100,100],"ix":6}},"ao":0,"shapes":[{"ty":"gr","it":[{"ind":0,"ty":"sh","ix":1,"ks":{"a":1,"k":[{"i":{"x":0.833,"y":0.833},"o":{"x":0.167,"y":0.167},"t":17,"s":[{"i":[[-22,111.75],[-1,-11],[0,0],[25.088,30.44]],"o":[[-0.25,-43.25],[1,11],[0,0],[-18.75,-22.75]],"v":[[-106.5,-240.75],[-332,-204],[-334,31],[-92.75,-39]],"c":true}]},{"i":{"x":0.833,"y":0.833},"o":{"x":0.167,"y":0.167},"t":18,"s":[{"i":[[-36,116.75],[-1,-11],[0,0],[15.886,36.106]],"o":[[-0.25,-43.25],[1,11],[0,0],[-13.75,-31.25]],"v":[[-106.5,-240.75],[-332,-204],[-334,31],[-92.25,-37]],"c":true}]},{"i":{"x":0.833,"y":0.833},"o":{"x":0.167,"y":0.167},"t":19,"s":[{"i":[[-42.5,118.25],[-1,-11],[0,0],[15.886,36.106]],"o":[[-0.25,-43.25],[1,11],[0,0],[-13.75,-31.25]],"v":[[-106.5,-240.75],[-332,-204],[-334,31],[-90.75,-38.5]],"c":true}]},{"i":{"x":0.833,"y":0.833},"o":{"x":0.167,"y":0.167},"t":22,"s":[{"i":[[-42.5,118.25],[-1,-11],[0,0],[15.886,36.106]],"o":[[-0.25,-43.25],[1,11],[0,0],[-13.75,-31.25]],"v":[[-106.5,-240.75],[-332,-204],[-334,31],[-101.75,-35.5]],"c":true}]},{"t":24,"s":[{"i":[[-42.5,118.25],[-1,-11],[0,0],[15.886,36.106]],"o":[[-0.25,-43.25],[1,11],[0,0],[-13.75,-31.25]],"v":[[-106.5,-240.75],[-332,-204],[-334,31],[-129.75,-22.5]],"c":true}]}],"ix":2},"nm":"Path 1","mn":"ADBE Vector Shape - Group","hd":false},{"ty":"st","c":{"a":0,"k":[1,1,1,1],"ix":3},"o":{"a":0,"k":100,"ix":4},"w":{"a":0,"k":0,"ix":5},"lc":1,"lj":1,"ml":4,"bm":0,"nm":"Stroke 1","mn":"ADBE Vector Graphic - Stroke","hd":false},{"ty":"fl","c":{"a":0,"k":[1,0.274509803922,0,1],"ix":4},"o":{"a":0,"k":100,"ix":5},"r":1,"bm":0,"nm":"Fill 1","mn":"ADBE Vector Graphic - Fill","hd":false},{"ty":"tr","p":{"a":0,"k":[0,0],"ix":2},"a":{"a":0,"k":[0,0],"ix":1},"s":{"a":0,"k":[100,100],"ix":3},"r":{"a":0,"k":0,"ix":6},"o":{"a":0,"k":100,"ix":7},"sk":{"a":0,"k":0,"ix":4},"sa":{"a":0,"k":0,"ix":5},"nm":"Transform"}],"nm":"Shape 2","np":3,"cix":2,"bm":0,"ix":1,"mn":"ADBE Vector Group","hd":false},{"ty":"gr","it":[{"ind":0,"ty":"sh","ix":1,"ks":{"a":1,"k":[{"i":{"x":0.833,"y":0.833},"o":{"x":0.167,"y":0.167},"t":17,"s":[{"i":[[-18.185,-14.268],[29.5,-96.5],[0,61],[0,0]],"o":[[32.5,25.5],[-1.849,6.048],[0,-61],[0,0]],"v":[[73,-245],[93,9.5],[343.5,0.5],[349,-219.5]],"c":true}]},{"i":{"x":0.833,"y":0.833},"o":{"x":0.167,"y":0.167},"t":18,"s":[{"i":[[-18.185,-14.268],[47,-142.5],[0,61],[0,0]],"o":[[32.5,25.5],[-1.981,6.006],[0,-61],[0,0]],"v":[[68.5,-241],[93,9.5],[343.5,0.5],[349,-219.5]],"c":true}]},{"i":{"x":0.833,"y":0.833},"o":{"x":0.167,"y":0.167},"t":19,"s":[{"i":[[-18.185,-14.268],[51,-158.5],[0,61],[0,0]],"o":[[32.5,25.5],[-1.937,6.021],[0,-61],[0,0]],"v":[[66.5,-242.5],[93,9.5],[343.5,0.5],[349,-219.5]],"c":true}]},{"i":{"x":0.833,"y":0.833},"o":{"x":0.167,"y":0.167},"t":20,"s":[{"i":[[-18.185,-14.268],[53.5,-164.5],[0,61],[0,0]],"o":[[32.5,25.5],[-1.956,6.014],[0,-61],[0,0]],"v":[[66.5,-242.5],[93,9.5],[343.5,0.5],[349,-219.5]],"c":true}]},{"i":{"x":0.833,"y":0.833},"o":{"x":0.167,"y":0.167},"t":21,"s":[{"i":[[-18.185,-14.268],[53.5,-164.5],[0,61],[0,0]],"o":[[32.5,25.5],[-1.956,6.014],[0,-61],[0,0]],"v":[[66.5,-240.5],[93,9.5],[343.5,0.5],[349,-219.5]],"c":true}]},{"i":{"x":0.833,"y":0.833},"o":{"x":0.167,"y":0.167},"t":22,"s":[{"i":[[-20.132,-11.356],[77.5,-164],[0,61],[0,0]],"o":[[39,22],[-2.702,5.718],[0,-61],[0,0]],"v":[[66.5,-240.5],[93,9.5],[343.5,0.5],[349,-219.5]],"c":true}]},{"t":25,"s":[{"i":[[-20.132,-11.356],[77.5,-164],[0,61],[0,0]],"o":[[39,22],[-2.702,5.718],[0,-61],[0,0]],"v":[[66.5,-240.5],[169,39.5],[343.5,0.5],[349,-219.5]],"c":true}]}],"ix":2},"nm":"Path 1","mn":"ADBE Vector Shape - Group","hd":false},{"ty":"st","c":{"a":0,"k":[1,1,1,1],"ix":3},"o":{"a":0,"k":100,"ix":4},"w":{"a":0,"k":0,"ix":5},"lc":1,"lj":1,"ml":4,"bm":0,"nm":"Stroke 1","mn":"ADBE Vector Graphic - Stroke","hd":false},{"ty":"fl","c":{"a":0,"k":[1,0.274509803922,0,1],"ix":4},"o":{"a":0,"k":100,"ix":5},"r":1,"bm":0,"nm":"Fill 1","mn":"ADBE Vector Graphic - Fill","hd":false},{"ty":"tr","p":{"a":0,"k":[0,0],"ix":2},"a":{"a":0,"k":[0,0],"ix":1},"s":{"a":0,"k":[100,100],"ix":3},"r":{"a":0,"k":0,"ix":6},"o":{"a":0,"k":100,"ix":7},"sk":{"a":0,"k":0,"ix":4},"sa":{"a":0,"k":0,"ix":5},"nm":"Transform"}],"nm":"Shape 1","np":3,"cix":2,"bm":0,"ix":2,"mn":"ADBE Vector Group","hd":false}],"ip":17,"op":27,"st":0,"bm":0},{"ddd":0,"ind":2,"ty":4,"nm":"Shape Layer 3","tt":2,"sr":1,"ks":{"o":{"a":0,"k":100,"ix":11},"r":{"a":0,"k":0,"ix":10},"p":{"a":0,"k":[540,540,0],"ix":2},"a":{"a":0,"k":[0,0,0],"ix":1},"s":{"a":0,"k":[100,100,100],"ix":6}},"ao":0,"shapes":[{"ty":"gr","it":[{"ind":0,"ty":"sh","ix":1,"ks":{"a":1,"k":[{"i":{"x":0.833,"y":0.833},"o":{"x":0.167,"y":0.167},"t":17,"s":[{"i":[[33.909,-4.876],[4.741,-23.913],[-12,2.25],[6.25,37.25]],"o":[[-38.25,5.5],[-5.75,29],[16.483,-3.091],[-2.731,-16.274]],"v":[[-137,-189.5],[-164.5,-104.25],[-111.75,-38.5],[-98.25,-129.75]],"c":true}]},{"i":{"x":0.833,"y":0.833},"o":{"x":0.167,"y":0.167},"t":18,"s":[{"i":[[33.909,-4.876],[4.741,-23.913],[-12,2.25],[6.25,37.25]],"o":[[-38.25,5.5],[-5.75,29],[16.483,-3.091],[-2.731,-16.274]],"v":[[-130.5,-174.5],[-153.25,-92.75],[-93.75,-50],[-83.5,-114.5]],"c":true}]},{"i":{"x":0.833,"y":0.833},"o":{"x":0.167,"y":0.167},"t":19,"s":[{"i":[[16.75,-6.75],[-7.028,-23.343],[-12,2.25],[6.25,37.25]],"o":[[-18.039,7.269],[7,23.25],[16.483,-3.091],[-2.731,-16.274]],"v":[[-112,-162.5],[-116.25,-94.75],[-76.5,-49.5],[-65.25,-106]],"c":true}]},{"i":{"x":0.833,"y":0.833},"o":{"x":0.167,"y":0.167},"t":20,"s":[{"i":[[23.558,-11.889],[-9.75,-21],[-12,2.25],[6.25,37.25]],"o":[[-26.75,13.5],[10.225,22.023],[16.483,-3.091],[-2.731,-16.274]],"v":[[-107,-151.5],[-108.5,-80.25],[-60.5,-42],[-43.75,-96.5]],"c":true}]},{"i":{"x":0.833,"y":0.833},"o":{"x":0.167,"y":0.167},"t":21,"s":[{"i":[[23.558,-11.889],[-13.341,-18.923],[-12,2.25],[23.75,35.5]],"o":[[-26.75,13.5],[24.5,34.75],[16.483,-3.091],[-9.176,-13.715]],"v":[[-97,-139.5],[-100,-67.25],[-39,-37],[-31.75,-108]],"c":true}]},{"i":{"x":0.833,"y":0.833},"o":{"x":0.167,"y":0.167},"t":22,"s":[{"i":[[26.279,-8.944],[-10.506,-22.63],[-12.036,2.036],[15.25,36.375]],"o":[[-27.552,9.994],[19.004,36.674],[14.867,-2.545],[-7.713,-21.733]],"v":[[-80,-127.625],[-96.875,-67.875],[-30,-25.125],[-2.5,-87.125]],"c":true}]},{"i":{"x":0.833,"y":0.833},"o":{"x":0.167,"y":0.167},"t":23,"s":[{"i":[[29,-6],[-7.671,-26.336],[-12.072,1.822],[3,35.25]],"o":[[-28.355,6.487],[13.508,38.597],[13.25,-2],[-6.25,-29.75]],"v":[[-56,-113.75],[-90.25,-62.5],[-21,-13.25],[21.75,-61.75]],"c":true}]},{"i":{"x":0.833,"y":0.833},"o":{"x":0.167,"y":0.167},"t":24,"s":[{"i":[[28.75,-2.75],[-4.835,-30.043],[-12.036,2.036],[-5.125,37.625]],"o":[[-29.157,2.981],[8.011,40.521],[14.867,-2.545],[2.452,-31.712]],"v":[[-29.5,-94.125],[-76.375,-42.375],[-9.25,4.625],[40.25,-40.125]],"c":true}]},{"i":{"x":0.833,"y":0.833},"o":{"x":0.167,"y":0.167},"t":25,"s":[{"i":[[28.5,0.5],[-2,-33.75],[-12,2.25],[-13.25,40]],"o":[[-29.959,-0.526],[2.515,42.444],[16.483,-3.091],[11.154,-33.673]],"v":[[-2.5,-63],[-62,-10.75],[3,34],[53.75,-7.5]],"c":true}]},{"i":{"x":0.833,"y":0.833},"o":{"x":0.167,"y":0.167},"t":26,"s":[{"i":[[34.375,0.625],[0.5,-29.833],[-19.667,1.5],[-10.734,30.467]],"o":[[-33.139,-0.6],[0.092,34.635],[22.656,-2.06],[10.77,-29.116]],"v":[[15.75,-10.833],[-47.25,43.167],[11,87.833],[68.417,43.833]],"c":true}]},{"i":{"x":0.833,"y":0.833},"o":{"x":0.167,"y":0.167},"t":27,"s":[{"i":[[40.25,0.751],[3,-25.917],[-27.333,0.75],[-8.217,20.934]],"o":[[-36.32,-0.675],[-2.331,26.826],[28.828,-1.03],[10.385,-24.558]],"v":[[34,60.333],[-32.5,116.083],[19,160.667],[79.083,115.167]],"c":true}]},{"i":{"x":0.833,"y":0.833},"o":{"x":0.167,"y":0.167},"t":28,"s":[{"i":[[46.125,0.876],[5.5,-22],[-35,0],[-5.701,11.402]],"o":[[-39.5,-0.75],[-4.754,19.017],[35,0],[10,-20]],"v":[[50.75,77],[-19.25,134.5],[25.5,179],[85,136.75]],"c":true}]},{"i":{"x":0.833,"y":0.833},"o":{"x":0.167,"y":0.167},"t":29,"s":[{"i":[[46.125,0.876],[5.5,-22],[-35,0],[-5.701,11.402]],"o":[[-39.5,-0.75],[-4.754,19.017],[35,0],[10,-20]],"v":[[50.75,68.25],[-19.25,125.75],[25.5,170.25],[85,128]],"c":true}]},{"i":{"x":0.833,"y":0.833},"o":{"x":0.167,"y":0.167},"t":30,"s":[{"i":[[46.125,0.876],[5.5,-22],[-35,0],[-5.701,11.402]],"o":[[-39.5,-0.75],[-4.754,19.017],[35,0],[10,-20]],"v":[[50.75,52],[-19.25,109.5],[25.5,154],[85,111.75]],"c":true}]},{"i":{"x":0.833,"y":0.833},"o":{"x":0.167,"y":0.167},"t":31,"s":[{"i":[[46.125,0.876],[5.5,-22],[-35,0],[-5.701,11.402]],"o":[[-39.5,-0.75],[-4.754,19.017],[35,0],[10,-20]],"v":[[50.75,24.708],[-19.25,82.208],[25.5,126.708],[85,84.458]],"c":true}]},{"i":{"x":0.833,"y":0.833},"o":{"x":0.167,"y":0.167},"t":32,"s":[{"i":[[46.125,0.876],[5.5,-22],[-35,0],[-5.701,11.402]],"o":[[-39.5,-0.75],[-4.754,19.017],[35,0],[10,-20]],"v":[[50.75,-3.708],[-19.25,53.792],[25.5,98.292],[85,56.042]],"c":true}]},{"i":{"x":0.833,"y":0.833},"o":{"x":0.167,"y":0.167},"t":33,"s":[{"i":[[46.125,0.876],[5.5,-22],[-35,0],[-5.701,11.402]],"o":[[-39.5,-0.75],[-4.754,19.017],[35,0],[10,-20]],"v":[[50.75,-26.125],[-19.25,31.375],[25.5,75.875],[85,33.625]],"c":true}]},{"i":{"x":0.833,"y":0.833},"o":{"x":0.167,"y":0.167},"t":34,"s":[{"i":[[46.125,0.876],[5.5,-22],[-35,0],[-5.701,11.402]],"o":[[-39.5,-0.75],[-4.754,19.017],[35,0],[10,-20]],"v":[[50.75,-35.5],[-19.25,22],[25.5,66.5],[85,24.25]],"c":true}]},{"i":{"x":0.833,"y":0.833},"o":{"x":0.167,"y":0.167},"t":35,"s":[{"i":[[46.125,0.876],[5.5,-22],[-35,0],[-5.701,11.402]],"o":[[-39.5,-0.75],[-4.754,19.017],[35,0],[10,-20]],"v":[[50.75,-30.708],[-19.25,26.792],[25.5,71.292],[85,29.042]],"c":true}]},{"i":{"x":0.833,"y":0.833},"o":{"x":0.167,"y":0.167},"t":37,"s":[{"i":[[46.125,0.876],[5.5,-22],[-35,0],[-5.701,11.402]],"o":[[-39.5,-0.75],[-4.754,19.017],[35,0],[10,-20]],"v":[[50.75,-6.125],[-19.25,51.375],[25.5,95.875],[85,53.625]],"c":true}]},{"i":{"x":0.833,"y":0.833},"o":{"x":0.167,"y":0.167},"t":38,"s":[{"i":[[46.125,0.876],[5.5,-22],[-35,0],[-5.701,11.402]],"o":[[-39.5,-0.75],[-4.754,19.017],[35,0],[10,-20]],"v":[[50.75,7],[-19.25,64.5],[25.5,109],[85,66.75]],"c":true}]},{"i":{"x":0.833,"y":0.833},"o":{"x":0.167,"y":0.167},"t":39,"s":[{"i":[[46.125,0.876],[5.5,-22],[-35,0],[-5.701,11.402]],"o":[[-39.5,-0.75],[-4.754,19.017],[35,0],[10,-20]],"v":[[50.75,18.524],[-19.25,76.024],[25.5,120.524],[85,78.274]],"c":true}]},{"i":{"x":0.833,"y":0.833},"o":{"x":0.167,"y":0.167},"t":40,"s":[{"i":[[46.125,0.876],[5.5,-22],[-35,0],[-5.701,11.402]],"o":[[-39.5,-0.75],[-4.754,19.017],[35,0],[10,-20]],"v":[[50.75,21.798],[-19.25,79.298],[25.5,123.798],[85,81.548]],"c":true}]},{"i":{"x":0.833,"y":0.833},"o":{"x":0.167,"y":0.167},"t":41,"s":[{"i":[[46.125,0.876],[5.5,-22],[-35,0],[-5.701,11.402]],"o":[[-39.5,-0.75],[-4.754,19.017],[35,0],[10,-20]],"v":[[50.75,23.071],[-19.25,80.571],[25.5,125.071],[85,82.821]],"c":true}]},{"i":{"x":0.833,"y":0.833},"o":{"x":0.167,"y":0.167},"t":43,"s":[{"i":[[46.125,0.876],[5.5,-22],[-35,0],[-5.701,11.402]],"o":[[-39.5,-0.75],[-4.754,19.017],[35,0],[10,-20]],"v":[[50.75,6.286],[-19.25,63.786],[25.5,108.286],[85,66.036]],"c":true}]},{"i":{"x":0.833,"y":0.833},"o":{"x":0.167,"y":0.167},"t":44,"s":[{"i":[[46.125,0.876],[5.5,-22],[-35,0],[-5.701,11.402]],"o":[[-39.5,-0.75],[-4.754,19.017],[35,0],[10,-20]],"v":[[50.75,-3.357],[-19.25,54.143],[25.5,98.643],[85,56.393]],"c":true}]},{"i":{"x":0.833,"y":0.833},"o":{"x":0.167,"y":0.167},"t":45,"s":[{"i":[[46.125,0.876],[5.5,-22],[-35,0],[-5.701,11.402]],"o":[[-39.5,-0.75],[-4.754,19.017],[35,0],[10,-20]],"v":[[50.75,-8],[-19.25,49.5],[25.5,94],[85,51.75]],"c":true}]},{"i":{"x":0.833,"y":0.833},"o":{"x":0.167,"y":0.167},"t":46,"s":[{"i":[[46.125,0.876],[5.5,-22],[-35,0],[-5.701,11.402]],"o":[[-39.5,-0.75],[-4.754,19.017],[35,0],[10,-20]],"v":[[50.722,-7.545],[-19.278,49.955],[25.472,94.455],[84.972,52.205]],"c":true}]},{"i":{"x":0.833,"y":0.833},"o":{"x":0.167,"y":0.167},"t":47,"s":[{"i":[[46.125,0.876],[5.5,-22],[-35,0],[-5.701,11.402]],"o":[[-39.5,-0.75],[-4.754,19.017],[35,0],[10,-20]],"v":[[50.694,-5.033],[-19.306,52.467],[25.444,96.967],[84.944,54.717]],"c":true}]},{"i":{"x":0.833,"y":0.833},"o":{"x":0.167,"y":0.167},"t":51,"s":[{"i":[[46.125,0.876],[5.5,-22],[-35,0],[-5.701,11.402]],"o":[[-39.5,-0.75],[-4.754,19.017],[35,0],[10,-20]],"v":[[50.583,10.015],[-19.417,67.515],[25.333,112.015],[84.833,69.765]],"c":true}]},{"i":{"x":0.833,"y":0.833},"o":{"x":0.167,"y":0.167},"t":53,"s":[{"i":[[46.125,0.876],[5.5,-22],[-35,0],[-5.701,11.402]],"o":[[-39.5,-0.75],[-4.754,19.017],[35,0],[10,-20]],"v":[[50.528,11.639],[-19.472,69.139],[25.278,113.639],[84.778,71.389]],"c":true}]},{"i":{"x":0.833,"y":0.833},"o":{"x":0.167,"y":0.167},"t":59,"s":[{"i":[[46.125,0.876],[5.5,-22],[-35,0],[-5.701,11.402]],"o":[[-39.5,-0.75],[-4.754,19.017],[35,0],[10,-20]],"v":[[50.361,1.456],[-19.639,58.956],[25.111,103.456],[84.611,61.206]],"c":true}]},{"t":63,"s":[{"i":[[46.125,0.876],[5.5,-22],[-35,0],[-5.701,11.402]],"o":[[-39.5,-0.75],[-4.754,19.017],[35,0],[10,-20]],"v":[[50.25,3],[-19.75,60.5],[25,105],[84.5,62.75]],"c":true}]}],"ix":2},"nm":"Path 1","mn":"ADBE Vector Shape - Group","hd":false},{"ty":"st","c":{"a":0,"k":[1,1,1,1],"ix":3},"o":{"a":0,"k":100,"ix":4},"w":{"a":0,"k":0,"ix":5},"lc":1,"lj":1,"ml":4,"bm":0,"nm":"Stroke 1","mn":"ADBE Vector Graphic - Stroke","hd":false},{"ty":"fl","c":{"a":0,"k":[1,0.701960784314,0,1],"ix":4},"o":{"a":0,"k":100,"ix":5},"r":1,"bm":0,"nm":"Fill 1","mn":"ADBE Vector Graphic - Fill","hd":false},{"ty":"tr","p":{"a":0,"k":[0,0],"ix":2},"a":{"a":0,"k":[0,0],"ix":1},"s":{"a":0,"k":[100,100],"ix":3},"r":{"a":0,"k":0,"ix":6},"o":{"a":0,"k":100,"ix":7},"sk":{"a":0,"k":0,"ix":4},"sa":{"a":0,"k":0,"ix":5},"nm":"Transform"}],"nm":"Shape 1","np":3,"cix":2,"bm":0,"ix":1,"mn":"ADBE Vector Group","hd":false}],"ip":17,"op":64,"st":0,"bm":0},{"ddd":0,"ind":3,"ty":4,"nm":"mask_layer 2","td":1,"sr":1,"ks":{"o":{"a":0,"k":100,"ix":11},"r":{"a":0,"k":0,"ix":10},"p":{"a":0,"k":[540,540,0],"ix":2},"a":{"a":0,"k":[0,0,0],"ix":1},"s":{"a":0,"k":[100,100,100],"ix":6}},"ao":0,"shapes":[{"ty":"gr","it":[{"ind":0,"ty":"sh","ix":1,"ks":{"a":1,"k":[{"i":{"x":0.833,"y":0.833},"o":{"x":0.167,"y":0.167},"t":13,"s":[{"i":[[-46.5,112.25],[-1,-11],[0,0],[11.365,37.773]],"o":[[-0.25,-43.25],[1,11],[0,0],[-17,-56.5]],"v":[[-92.5,-211.25],[-332,-204],[-334,31],[-133,18]],"c":true}]},{"i":{"x":0.833,"y":0.833},"o":{"x":0.167,"y":0.167},"t":14,"s":[{"i":[[-46.5,112.25],[-1,-11],[0,0],[11.365,37.773]],"o":[[-0.25,-43.25],[1,11],[0,0],[-17,-56.5]],"v":[[-92.5,-211.25],[-332,-204],[-334,31],[-109.5,10]],"c":true}]},{"i":{"x":0.833,"y":0.833},"o":{"x":0.167,"y":0.167},"t":15,"s":[{"i":[[-46.5,112.25],[-1,-11],[0,0],[0.867,39.437]],"o":[[-0.25,-43.25],[1,11],[0,0],[-1,-45.5]],"v":[[-92.5,-211.25],[-332,-204],[-334,31],[-111,-10.5]],"c":true}]},{"i":{"x":0.833,"y":0.833},"o":{"x":0.167,"y":0.167},"t":16,"s":[{"i":[[-5,107.75],[-1,-11],[0,0],[-1.442,39.42]],"o":[[-0.25,-43.25],[1,11],[0,0],[1.5,-41]],"v":[[-106.5,-240.75],[-332,-204],[-334,31],[-111,-10.5]],"c":true}]},{"t":17,"s":[{"i":[[-22,111.75],[-1,-11],[0,0],[25.088,30.44]],"o":[[-0.25,-43.25],[1,11],[0,0],[-18.75,-22.75]],"v":[[-106.5,-240.75],[-332,-204],[-334,31],[-92.75,-39]],"c":true}]}],"ix":2},"nm":"Path 1","mn":"ADBE Vector Shape - Group","hd":false},{"ty":"st","c":{"a":0,"k":[1,1,1,1],"ix":3},"o":{"a":0,"k":100,"ix":4},"w":{"a":0,"k":0,"ix":5},"lc":1,"lj":1,"ml":4,"bm":0,"nm":"Stroke 1","mn":"ADBE Vector Graphic - Stroke","hd":false},{"ty":"fl","c":{"a":0,"k":[1,0.274509803922,0,1],"ix":4},"o":{"a":0,"k":100,"ix":5},"r":1,"bm":0,"nm":"Fill 1","mn":"ADBE Vector Graphic - Fill","hd":false},{"ty":"tr","p":{"a":0,"k":[0,0],"ix":2},"a":{"a":0,"k":[0,0],"ix":1},"s":{"a":0,"k":[100,100],"ix":3},"r":{"a":0,"k":0,"ix":6},"o":{"a":0,"k":100,"ix":7},"sk":{"a":0,"k":0,"ix":4},"sa":{"a":0,"k":0,"ix":5},"nm":"Transform"}],"nm":"Shape 2","np":3,"cix":2,"bm":0,"ix":1,"mn":"ADBE Vector Group","hd":false},{"ty":"gr","it":[{"ind":0,"ty":"sh","ix":1,"ks":{"a":1,"k":[{"i":{"x":0.833,"y":0.833},"o":{"x":0.167,"y":0.167},"t":13,"s":[{"i":[[-13.455,-36.898],[54,-81.5],[0,61],[0,0]],"o":[[33,90.5],[-3.633,5.177],[0,-61],[0,0]],"v":[[89.5,-223],[127,49.5],[349,12],[349,-219]],"c":true}]},{"i":{"x":0.833,"y":0.833},"o":{"x":0.167,"y":0.167},"t":14,"s":[{"i":[[-13.455,-36.898],[54,-81.5],[0,61],[0,0]],"o":[[33,90.5],[-3.633,5.177],[0,-61],[0,0]],"v":[[89.5,-223],[77,21.5],[349,12],[349,-219]],"c":true}]},{"i":{"x":0.833,"y":0.833},"o":{"x":0.167,"y":0.167},"t":15,"s":[{"i":[[-24.412,-30.766],[62,-103.5],[0,61],[0,0]],"o":[[36.5,46],[-3.633,5.177],[0,-61],[0,0]],"v":[[78.5,-208],[71,9],[349,12],[349,-219]],"c":true}]},{"i":{"x":0.833,"y":0.833},"o":{"x":0.167,"y":0.167},"t":16,"s":[{"i":[[0,0],[5,-16.5],[0,61],[0,0]],"o":[[0,0],[-1.834,6.053],[0,-61],[0,0]],"v":[[100.5,-271.5],[98.5,21],[349,12],[349,-219]],"c":true}]},{"t":17,"s":[{"i":[[-18.185,-14.268],[29.5,-96.5],[0,61],[0,0]],"o":[[32.5,25.5],[-1.849,6.048],[0,-61],[0,0]],"v":[[73,-245],[93,9.5],[343.5,0.5],[349,-219.5]],"c":true}]}],"ix":2},"nm":"Path 1","mn":"ADBE Vector Shape - Group","hd":false},{"ty":"st","c":{"a":0,"k":[1,1,1,1],"ix":3},"o":{"a":0,"k":100,"ix":4},"w":{"a":0,"k":0,"ix":5},"lc":1,"lj":1,"ml":4,"bm":0,"nm":"Stroke 1","mn":"ADBE Vector Graphic - Stroke","hd":false},{"ty":"fl","c":{"a":0,"k":[1,0.274509803922,0,1],"ix":4},"o":{"a":0,"k":100,"ix":5},"r":1,"bm":0,"nm":"Fill 1","mn":"ADBE Vector Graphic - Fill","hd":false},{"ty":"tr","p":{"a":0,"k":[0,0],"ix":2},"a":{"a":0,"k":[0,0],"ix":1},"s":{"a":0,"k":[100,100],"ix":3},"r":{"a":0,"k":0,"ix":6},"o":{"a":0,"k":100,"ix":7},"sk":{"a":0,"k":0,"ix":4},"sa":{"a":0,"k":0,"ix":5},"nm":"Transform"}],"nm":"Shape 1","np":3,"cix":2,"bm":0,"ix":2,"mn":"ADBE Vector Group","hd":false}],"ip":12,"op":17,"st":0,"bm":0},{"ddd":0,"ind":4,"ty":4,"nm":"Shape Layer 2","tt":2,"sr":1,"ks":{"o":{"a":0,"k":100,"ix":11},"r":{"a":0,"k":0,"ix":10},"p":{"a":0,"k":[540,540,0],"ix":2},"a":{"a":0,"k":[0,0,0],"ix":1},"s":{"a":0,"k":[100,100,100],"ix":6}},"ao":0,"shapes":[{"ty":"gr","it":[{"ind":0,"ty":"sh","ix":1,"ks":{"a":1,"k":[{"i":{"x":0.833,"y":0.833},"o":{"x":0.167,"y":0.167},"t":0,"s":[{"i":[[46.125,0.876],[5.5,-22],[-35,0],[-5.701,11.402]],"o":[[-39.5,-0.75],[-4.754,19.017],[35,0],[10,-20]],"v":[[50.25,3],[-19.75,60.5],[25,105],[84.5,62.75]],"c":true}]},{"i":{"x":0.833,"y":0.833},"o":{"x":0.167,"y":0.167},"t":1,"s":[{"i":[[46.125,0.876],[4.167,-22.375],[-35,0],[-5.167,12.043]],"o":[[-39.5,-0.75],[-3.627,19.097],[35,0],[8.936,-20.344]],"v":[[39,9.083],[-29.292,63.5],[19.042,108.167],[79.792,66.958]],"c":true}]},{"i":{"x":0.833,"y":0.833},"o":{"x":0.167,"y":0.167},"t":4,"s":[{"i":[[46.125,0.876],[0.167,-23.5],[-35,0],[-3.567,13.967]],"o":[[-39.5,-0.75],[-0.245,19.338],[35,0],[5.745,-21.377]],"v":[[4.5,21.983],[-57.767,73.45],[0.417,120.417],[59.967,77.883]],"c":true}]},{"i":{"x":0.833,"y":0.833},"o":{"x":0.167,"y":0.167},"t":6,"s":[{"i":[[46.125,0.876],[-2.5,-24.25],[-35,0],[-2.5,15.25]],"o":[[-39.5,-0.75],[2.01,19.499],[35,0],[3.617,-22.066]],"v":[[-17.25,26],[-75.5,75.5],[-10.75,124],[44.25,83.5]],"c":true}]},{"i":{"x":0.833,"y":0.833},"o":{"x":0.167,"y":0.167},"t":9,"s":[{"i":[[46.125,0.876],[-2.5,-24.25],[-35,0],[-2.5,15.25]],"o":[[-39.5,-0.75],[2.01,19.499],[35,0],[3.617,-22.066]],"v":[[-34.75,26.25],[-83.5,73.5],[-20.5,122.75],[31.75,84.75]],"c":true}]},{"i":{"x":0.833,"y":0.833},"o":{"x":0.167,"y":0.167},"t":11,"s":[{"i":[[46.125,0.876],[-2.5,-24.25],[-35,0],[0,19.75]],"o":[[-39.5,-0.75],[2.01,19.499],[35,0],[0,-22.361]],"v":[[1.25,22],[-58,76.25],[4,119.75],[61.25,68.25]],"c":true}]},{"i":{"x":0.833,"y":0.833},"o":{"x":0.167,"y":0.167},"t":12,"s":[{"i":[[33.909,-4.876],[-2.5,-24.25],[-34.883,2.859],[0,19.75]],"o":[[-38.25,5.5],[2.01,19.499],[30.5,-2.5],[0,-22.361]],"v":[[40.25,4],[-20.25,70.25],[35.25,104],[90.25,38.5]],"c":true}]},{"i":{"x":0.833,"y":0.833},"o":{"x":0.167,"y":0.167},"t":13,"s":[{"i":[[33.909,-4.876],[-0.86,-24.363],[-19.25,7.25],[-3,20]],"o":[[-38.25,5.5],[0.75,21.25],[15.694,-5.911],[2.448,-16.319]],"v":[[79.5,-63.75],[22.5,20.25],[65.5,39.75],[109.25,-24.25]],"c":true}]},{"i":{"x":0.833,"y":0.833},"o":{"x":0.167,"y":0.167},"t":14,"s":[{"i":[[11.5,4.125],[4.75,-24],[-15.625,4.75],[-3,20]],"o":[[-26.521,-9.513],[-7.25,29.25],[16.089,-4.501],[2.448,-16.319]],"v":[[108.25,-114.875],[59.25,-51.5],[73.375,-1.875],[110,-57.5]],"c":true}]},{"i":{"x":0.833,"y":0.833},"o":{"x":0.167,"y":0.167},"t":15,"s":[{"i":[[33.909,-4.876],[4.741,-23.913],[-12,2.25],[-3,20]],"o":[[-38.25,5.5],[-5.75,29],[16.483,-3.091],[2.448,-16.319]],"v":[[129,-166.5],[82.5,-86.75],[90.75,-34.5],[169.25,-131.25]],"c":true}]},{"i":{"x":0.833,"y":0.833},"o":{"x":0.167,"y":0.167},"t":16,"s":[{"i":[[33.909,-4.876],[4.741,-23.913],[-12,2.25],[-3,20]],"o":[[-38.25,5.5],[-5.75,29],[16.483,-3.091],[2.448,-16.319]],"v":[[171,-177],[124.5,-97.25],[132.75,-45],[211.25,-141.75]],"c":true}]},{"t":17,"s":[{"i":[[33.909,-4.876],[4.741,-23.913],[-12,2.25],[6.25,37.25]],"o":[[-38.25,5.5],[-5.75,29],[16.483,-3.091],[-2.731,-16.274]],"v":[[-137,-189.5],[-164.5,-104.25],[-111.75,-38.5],[-98.25,-129.75]],"c":true}]}],"ix":2},"nm":"Path 1","mn":"ADBE Vector Shape - Group","hd":false},{"ty":"st","c":{"a":0,"k":[1,1,1,1],"ix":3},"o":{"a":0,"k":100,"ix":4},"w":{"a":0,"k":0,"ix":5},"lc":1,"lj":1,"ml":4,"bm":0,"nm":"Stroke 1","mn":"ADBE Vector Graphic - Stroke","hd":false},{"ty":"fl","c":{"a":0,"k":[1,0.701960784314,0,1],"ix":4},"o":{"a":0,"k":100,"ix":5},"r":1,"bm":0,"nm":"Fill 1","mn":"ADBE Vector Graphic - Fill","hd":false},{"ty":"tr","p":{"a":0,"k":[0,0],"ix":2},"a":{"a":0,"k":[0,0],"ix":1},"s":{"a":0,"k":[100,100],"ix":3},"r":{"a":0,"k":0,"ix":6},"o":{"a":0,"k":100,"ix":7},"sk":{"a":0,"k":0,"ix":4},"sa":{"a":0,"k":0,"ix":5},"nm":"Transform"}],"nm":"Shape 1","np":3,"cix":2,"bm":0,"ix":1,"mn":"ADBE Vector Group","hd":false}],"ip":0,"op":17,"st":0,"bm":0},{"ddd":0,"ind":5,"ty":4,"nm":"mask_layer","td":1,"sr":1,"ks":{"o":{"a":0,"k":100,"ix":11},"r":{"a":0,"k":0,"ix":10},"p":{"a":0,"k":[540,540,0],"ix":2},"a":{"a":0,"k":[0,0,0],"ix":1},"s":{"a":0,"k":[100,100,100],"ix":6}},"ao":0,"shapes":[{"ty":"gr","it":[{"ind":0,"ty":"sh","ix":1,"ks":{"a":1,"k":[{"i":{"x":0.833,"y":0.833},"o":{"x":0.167,"y":0.167},"t":13,"s":[{"i":[[-46.5,112.25],[-1,-11],[0,0],[11.365,37.773]],"o":[[-0.25,-43.25],[1,11],[0,0],[-17,-56.5]],"v":[[-92.5,-211.25],[-332,-204],[-334,31],[-133,18]],"c":true}]},{"i":{"x":0.833,"y":0.833},"o":{"x":0.167,"y":0.167},"t":14,"s":[{"i":[[-46.5,112.25],[-1,-11],[0,0],[11.365,37.773]],"o":[[-0.25,-43.25],[1,11],[0,0],[-17,-56.5]],"v":[[-92.5,-211.25],[-332,-204],[-334,31],[-109.5,10]],"c":true}]},{"i":{"x":0.833,"y":0.833},"o":{"x":0.167,"y":0.167},"t":15,"s":[{"i":[[-46.5,112.25],[-1,-11],[0,0],[0.867,39.437]],"o":[[-0.25,-43.25],[1,11],[0,0],[-1,-45.5]],"v":[[-92.5,-211.25],[-332,-204],[-334,31],[-111,-10.5]],"c":true}]},{"i":{"x":0.833,"y":0.833},"o":{"x":0.167,"y":0.167},"t":16,"s":[{"i":[[-5,107.75],[-1,-11],[0,0],[-1.442,39.42]],"o":[[-0.25,-43.25],[1,11],[0,0],[1.5,-41]],"v":[[-106.5,-240.75],[-332,-204],[-334,31],[-111,-10.5]],"c":true}]},{"i":{"x":0.833,"y":0.833},"o":{"x":0.167,"y":0.167},"t":17,"s":[{"i":[[-22,111.75],[-1,-11],[0,0],[9.444,38.299]],"o":[[-0.25,-43.25],[1,11],[0,0],[-9,-36.5]],"v":[[-106.5,-240.75],[-332,-204],[-334,31],[-98,-21]],"c":true}]},{"i":{"x":0.833,"y":0.833},"o":{"x":0.167,"y":0.167},"t":18,"s":[{"i":[[-36,116.75],[-1,-11],[0,0],[15.886,36.106]],"o":[[-0.25,-43.25],[1,11],[0,0],[-13.75,-31.25]],"v":[[-106.5,-240.75],[-332,-204],[-334,31],[-92.25,-37]],"c":true}]},{"i":{"x":0.833,"y":0.833},"o":{"x":0.167,"y":0.167},"t":19,"s":[{"i":[[-42.5,118.25],[-1,-11],[0,0],[15.886,36.106]],"o":[[-0.25,-43.25],[1,11],[0,0],[-13.75,-31.25]],"v":[[-106.5,-240.75],[-332,-204],[-334,31],[-90.75,-38.5]],"c":true}]},{"i":{"x":0.833,"y":0.833},"o":{"x":0.167,"y":0.167},"t":22,"s":[{"i":[[-42.5,118.25],[-1,-11],[0,0],[15.886,36.106]],"o":[[-0.25,-43.25],[1,11],[0,0],[-13.75,-31.25]],"v":[[-106.5,-240.75],[-332,-204],[-334,31],[-101.75,-35.5]],"c":true}]},{"t":24,"s":[{"i":[[-42.5,118.25],[-1,-11],[0,0],[15.886,36.106]],"o":[[-0.25,-43.25],[1,11],[0,0],[-13.75,-31.25]],"v":[[-106.5,-240.75],[-332,-204],[-334,31],[-129.75,-22.5]],"c":true}]}],"ix":2},"nm":"Path 1","mn":"ADBE Vector Shape - Group","hd":false},{"ty":"st","c":{"a":0,"k":[1,1,1,1],"ix":3},"o":{"a":0,"k":100,"ix":4},"w":{"a":0,"k":0,"ix":5},"lc":1,"lj":1,"ml":4,"bm":0,"nm":"Stroke 1","mn":"ADBE Vector Graphic - Stroke","hd":false},{"ty":"fl","c":{"a":0,"k":[1,0.274509803922,0,1],"ix":4},"o":{"a":0,"k":100,"ix":5},"r":1,"bm":0,"nm":"Fill 1","mn":"ADBE Vector Graphic - Fill","hd":false},{"ty":"tr","p":{"a":0,"k":[0,0],"ix":2},"a":{"a":0,"k":[0,0],"ix":1},"s":{"a":0,"k":[100,100],"ix":3},"r":{"a":0,"k":0,"ix":6},"o":{"a":0,"k":100,"ix":7},"sk":{"a":0,"k":0,"ix":4},"sa":{"a":0,"k":0,"ix":5},"nm":"Transform"}],"nm":"Shape 2","np":3,"cix":2,"bm":0,"ix":1,"mn":"ADBE Vector Group","hd":false},{"ty":"gr","it":[{"ind":0,"ty":"sh","ix":1,"ks":{"a":1,"k":[{"i":{"x":0.833,"y":0.833},"o":{"x":0.167,"y":0.167},"t":13,"s":[{"i":[[-13.455,-36.898],[54,-81.5],[0,61],[0,0]],"o":[[33,90.5],[-3.633,5.177],[0,-61],[0,0]],"v":[[89.5,-223],[127,49.5],[349,12],[349,-219]],"c":true}]},{"i":{"x":0.833,"y":0.833},"o":{"x":0.167,"y":0.167},"t":14,"s":[{"i":[[-13.455,-36.898],[54,-81.5],[0,61],[0,0]],"o":[[33,90.5],[-3.633,5.177],[0,-61],[0,0]],"v":[[89.5,-223],[77,21.5],[349,12],[349,-219]],"c":true}]},{"i":{"x":0.833,"y":0.833},"o":{"x":0.167,"y":0.167},"t":15,"s":[{"i":[[-14.586,-36.466],[54,-81.5],[0,61],[0,0]],"o":[[21,52.5],[-3.633,5.177],[0,-61],[0,0]],"v":[[91.5,-236.5],[73,16],[349,12],[349,-219]],"c":true}]},{"i":{"x":0.833,"y":0.833},"o":{"x":0.167,"y":0.167},"t":16,"s":[{"i":[[0,0],[5,-16.5],[0,61],[0,0]],"o":[[0,0],[-1.834,6.053],[0,-61],[0,0]],"v":[[100.5,-271.5],[98.5,21],[349,12],[349,-219]],"c":true}]},{"i":{"x":0.833,"y":0.833},"o":{"x":0.167,"y":0.167},"t":17,"s":[{"i":[[-18.185,-14.268],[29.5,-96.5],[0,61],[0,0]],"o":[[32.5,25.5],[-1.849,6.048],[0,-61],[0,0]],"v":[[73,-245],[93,9.5],[343.5,0.5],[349,-219.5]],"c":true}]},{"i":{"x":0.833,"y":0.833},"o":{"x":0.167,"y":0.167},"t":18,"s":[{"i":[[-18.185,-14.268],[47,-142.5],[0,61],[0,0]],"o":[[32.5,25.5],[-1.981,6.006],[0,-61],[0,0]],"v":[[68.5,-241],[93,9.5],[343.5,0.5],[349,-219.5]],"c":true}]},{"i":{"x":0.833,"y":0.833},"o":{"x":0.167,"y":0.167},"t":19,"s":[{"i":[[-18.185,-14.268],[51,-158.5],[0,61],[0,0]],"o":[[32.5,25.5],[-1.937,6.021],[0,-61],[0,0]],"v":[[66.5,-242.5],[93,9.5],[343.5,0.5],[349,-219.5]],"c":true}]},{"i":{"x":0.833,"y":0.833},"o":{"x":0.167,"y":0.167},"t":20,"s":[{"i":[[-18.185,-14.268],[53.5,-164.5],[0,61],[0,0]],"o":[[32.5,25.5],[-1.956,6.014],[0,-61],[0,0]],"v":[[66.5,-242.5],[93,9.5],[343.5,0.5],[349,-219.5]],"c":true}]},{"i":{"x":0.833,"y":0.833},"o":{"x":0.167,"y":0.167},"t":21,"s":[{"i":[[-18.185,-14.268],[53.5,-164.5],[0,61],[0,0]],"o":[[32.5,25.5],[-1.956,6.014],[0,-61],[0,0]],"v":[[66.5,-240.5],[93,9.5],[343.5,0.5],[349,-219.5]],"c":true}]},{"i":{"x":0.833,"y":0.833},"o":{"x":0.167,"y":0.167},"t":22,"s":[{"i":[[-20.132,-11.356],[77.5,-164],[0,61],[0,0]],"o":[[39,22],[-2.702,5.718],[0,-61],[0,0]],"v":[[66.5,-240.5],[93,9.5],[343.5,0.5],[349,-219.5]],"c":true}]},{"t":25,"s":[{"i":[[-20.132,-11.356],[77.5,-164],[0,61],[0,0]],"o":[[39,22],[-2.702,5.718],[0,-61],[0,0]],"v":[[66.5,-240.5],[169,39.5],[343.5,0.5],[349,-219.5]],"c":true}]}],"ix":2},"nm":"Path 1","mn":"ADBE Vector Shape - Group","hd":false},{"ty":"st","c":{"a":0,"k":[1,1,1,1],"ix":3},"o":{"a":0,"k":100,"ix":4},"w":{"a":0,"k":0,"ix":5},"lc":1,"lj":1,"ml":4,"bm":0,"nm":"Stroke 1","mn":"ADBE Vector Graphic - Stroke","hd":false},{"ty":"fl","c":{"a":0,"k":[1,0.274509803922,0,1],"ix":4},"o":{"a":0,"k":100,"ix":5},"r":1,"bm":0,"nm":"Fill 1","mn":"ADBE Vector Graphic - Fill","hd":false},{"ty":"tr","p":{"a":0,"k":[0,0],"ix":2},"a":{"a":0,"k":[0,0],"ix":1},"s":{"a":0,"k":[100,100],"ix":3},"r":{"a":0,"k":0,"ix":6},"o":{"a":0,"k":100,"ix":7},"sk":{"a":0,"k":0,"ix":4},"sa":{"a":0,"k":0,"ix":5},"nm":"Transform"}],"nm":"Shape 1","np":3,"cix":2,"bm":0,"ix":2,"mn":"ADBE Vector Group","hd":false}],"ip":12,"op":26,"st":0,"bm":0},{"ddd":0,"ind":6,"ty":4,"nm":"main 2","tt":2,"sr":1,"ks":{"o":{"a":0,"k":100,"ix":11},"r":{"a":0,"k":0,"ix":10},"p":{"a":0,"k":[540,540,0],"ix":2},"a":{"a":0,"k":[0,0,0],"ix":1},"s":{"a":0,"k":[100,100,100],"ix":6}},"ao":0,"shapes":[{"ty":"gr","it":[{"ind":0,"ty":"sh","ix":1,"ks":{"a":1,"k":[{"i":{"x":0.833,"y":0.833},"o":{"x":0.167,"y":0.167},"t":0,"s":[{"i":[[67.025,-1.719],[0.422,-72.542],[-19,0],[-6.87,93.97]],"o":[[-58.5,1.5],[-0.5,86],[18.173,0],[4.281,-58.556]],"v":[[-4,-124],[-121.5,-6.5],[-2,173],[117.219,-3.944]],"c":true}]},{"i":{"x":0.833,"y":0.833},"o":{"x":0.167,"y":0.167},"t":5,"s":[{"i":[[67.025,-1.719],[0.422,-72.542],[-19,0],[-6.87,93.97]],"o":[[-58.5,1.5],[-0.5,86],[18.173,0],[4.281,-58.556]],"v":[[-5.5,-108],[-123,9.5],[-3.5,189],[115.719,12.056]],"c":true}]},{"i":{"x":0.833,"y":0.833},"o":{"x":0.167,"y":0.167},"t":10,"s":[{"i":[[67.025,-1.719],[0.422,-72.542],[-19,0],[-6.87,93.97]],"o":[[-58.5,1.5],[-0.5,86],[18.173,0],[4.281,-58.556]],"v":[[-6,-108],[-123.5,9.5],[-4,189],[115.219,12.056]],"c":true}]},{"i":{"x":0.833,"y":0.833},"o":{"x":0.167,"y":0.167},"t":12,"s":[{"i":[[67.025,-1.719],[0.422,-72.542],[-19,0],[-6.87,93.97]],"o":[[-58.5,1.5],[-0.5,86],[18.173,0],[4.281,-58.556]],"v":[[-5.5,-124.357],[-123,-6.857],[-3.5,172.643],[115.719,-4.301]],"c":true}]},{"i":{"x":0.833,"y":0.833},"o":{"x":0.167,"y":0.167},"t":13,"s":[{"i":[[67.025,-1.719],[0.422,-72.542],[-19,0],[-6.87,93.97]],"o":[[-58.5,1.5],[-0.5,86],[18.173,0],[4.281,-58.556]],"v":[[-5.5,-177.536],[-123,-60.036],[-3.5,119.464],[115.719,-57.48]],"c":true}]},{"i":{"x":0.833,"y":0.833},"o":{"x":0.167,"y":0.167},"t":14,"s":[{"i":[[67.025,-1.719],[0.422,-72.542],[-19,0],[-6.87,93.97]],"o":[[-58.5,1.5],[-0.5,86],[18.173,0],[4.281,-58.556]],"v":[[-5,-210.714],[-122.5,-93.214],[-3,86.286],[116.219,-90.658]],"c":true}]},{"i":{"x":0.833,"y":0.833},"o":{"x":0.167,"y":0.167},"t":15,"s":[{"i":[[67.025,-1.719],[0.422,-72.542],[-19,0],[-6.87,93.97]],"o":[[-58.5,1.5],[-0.5,86],[18.173,0],[4.281,-58.556]],"v":[[-5.333,-230.143],[-122.833,-112.643],[-3.333,66.857],[115.886,-110.087]],"c":true}]},{"i":{"x":0.833,"y":0.833},"o":{"x":0.167,"y":0.167},"t":16,"s":[{"i":[[67.025,-1.719],[0.422,-72.542],[-19,0],[-6.87,93.97]],"o":[[-58.5,1.5],[-0.5,86],[18.173,0],[4.281,-58.556]],"v":[[-5.667,-242.571],[-123.167,-125.072],[-3.667,54.429],[115.553,-122.515]],"c":true}]},{"i":{"x":0.833,"y":0.833},"o":{"x":0.167,"y":0.167},"t":17,"s":[{"i":[[67.025,-1.719],[0.422,-72.542],[-19,0],[-6.87,93.97]],"o":[[-58.5,1.5],[-0.5,86],[18.173,0],[4.281,-58.556]],"v":[[-6,-251],[-123.5,-133.5],[-4,46],[115.219,-130.944]],"c":true}]},{"i":{"x":0.833,"y":0.833},"o":{"x":0.167,"y":0.167},"t":18,"s":[{"i":[[67.025,-1.719],[0.422,-72.542],[-19,0],[-6.87,93.97]],"o":[[-58.5,1.5],[-0.5,86],[18.173,0],[4.281,-58.556]],"v":[[-6.278,-255.878],[-123.778,-138.378],[-4.278,41.122],[114.942,-135.822]],"c":true}]},{"i":{"x":0.833,"y":0.833},"o":{"x":0.167,"y":0.167},"t":20,"s":[{"i":[[67.025,-1.719],[0.422,-72.542],[-19,0],[-6.87,93.97]],"o":[[-58.5,1.5],[-0.5,86],[18.173,0],[4.281,-58.556]],"v":[[-6.833,-259.633],[-124.333,-142.133],[-4.833,37.367],[114.386,-139.577]],"c":true}]},{"i":{"x":0.833,"y":0.833},"o":{"x":0.167,"y":0.167},"t":22,"s":[{"i":[[67.025,-1.719],[0.422,-72.542],[-19,0],[-6.87,93.97]],"o":[[-58.5,1.5],[-0.5,86],[18.173,0],[4.281,-58.556]],"v":[[-6.556,-254.556],[-124.056,-137.056],[-4.556,42.444],[114.664,-134.499]],"c":true}]},{"i":{"x":0.833,"y":0.833},"o":{"x":0.167,"y":0.167},"t":23,"s":[{"i":[[67.025,-1.719],[0.422,-72.542],[-19,0],[-6.87,93.97]],"o":[[-58.5,1.5],[-0.5,86],[18.173,0],[4.281,-58.556]],"v":[[-5.667,-242.917],[-123.167,-125.417],[-3.667,54.083],[115.553,-122.861]],"c":true}]},{"i":{"x":0.833,"y":0.833},"o":{"x":0.167,"y":0.167},"t":24,"s":[{"i":[[67.025,-1.719],[0.422,-72.542],[-19,0],[-6.87,93.97]],"o":[[-58.5,1.5],[-0.5,86],[18.173,0],[4.281,-58.556]],"v":[[-4.778,-226.278],[-122.278,-108.778],[-2.778,70.722],[116.442,-106.222]],"c":true}]},{"i":{"x":0.833,"y":0.833},"o":{"x":0.167,"y":0.167},"t":25,"s":[{"i":[[67.025,-1.719],[0.422,-72.542],[-19,0],[-6.87,93.97]],"o":[[-58.5,1.5],[-0.5,86],[18.173,0],[4.281,-58.556]],"v":[[-6.889,-198.639],[-124.389,-81.139],[-4.889,98.361],[114.33,-78.583]],"c":true}]},{"i":{"x":0.833,"y":0.833},"o":{"x":0.167,"y":0.167},"t":26,"s":[{"i":[[67.025,-1.719],[0.422,-72.542],[-19,0],[-6.87,93.97]],"o":[[-58.5,1.5],[-0.5,86],[18.173,0],[4.281,-58.556]],"v":[[-7,-144],[-124.5,-26.5],[-5,153],[114.219,-23.944]],"c":true}]},{"i":{"x":0.833,"y":0.833},"o":{"x":0.167,"y":0.167},"t":27,"s":[{"i":[[67.025,-1.719],[0.422,-72.542],[-19,0],[-6.87,93.97]],"o":[[-58.5,1.5],[-0.5,86],[18.173,0],[4.281,-58.556]],"v":[[-6.75,-72.5],[-124.25,45],[-4.75,224.5],[114.469,47.556]],"c":true}]},{"i":{"x":0.833,"y":0.833},"o":{"x":0.167,"y":0.167},"t":28,"s":[{"i":[[67.025,-1.719],[0.422,-72.542],[-19,0],[-6.87,93.97]],"o":[[-58.5,1.5],[-0.5,86],[18.173,0],[4.281,-58.556]],"v":[[-7,-51],[-124.5,66.5],[-5,246],[114.219,69.056]],"c":true}]},{"i":{"x":0.833,"y":0.833},"o":{"x":0.167,"y":0.167},"t":29,"s":[{"i":[[67.025,-1.719],[0.422,-72.542],[-19,0],[-6.87,93.97]],"o":[[-58.5,1.5],[-0.5,86],[18.173,0],[4.281,-58.556]],"v":[[-6,-56.5],[-123.5,61],[-4,240.5],[115.219,63.556]],"c":true}]},{"i":{"x":0.833,"y":0.833},"o":{"x":0.167,"y":0.167},"t":30,"s":[{"i":[[67.025,-1.719],[0.422,-72.542],[-19,0],[-6.87,93.97]],"o":[[-58.5,1.5],[-0.5,86],[18.173,0],[4.281,-58.556]],"v":[[-7,-78],[-124.5,39.5],[-5,219],[114.219,42.056]],"c":true}]},{"i":{"x":0.833,"y":0.833},"o":{"x":0.167,"y":0.167},"t":32,"s":[{"i":[[67.025,-1.719],[0.422,-72.542],[-19,0],[-6.87,93.97]],"o":[[-58.5,1.5],[-0.5,86],[18.173,0],[4.281,-58.556]],"v":[[-6.35,-132.7],[-123.85,-15.2],[-4.35,164.3],[114.869,-12.644]],"c":true}]},{"i":{"x":0.833,"y":0.833},"o":{"x":0.167,"y":0.167},"t":34,"s":[{"i":[[67.025,-1.719],[0.422,-72.542],[-19,0],[-6.87,93.97]],"o":[[-58.5,1.5],[-0.5,86],[18.173,0],[4.281,-58.556]],"v":[[-5.7,-161.067],[-123.2,-43.567],[-3.7,135.933],[115.519,-41.011]],"c":true}]},{"i":{"x":0.833,"y":0.833},"o":{"x":0.167,"y":0.167},"t":35,"s":[{"i":[[67.025,-1.719],[0.422,-72.542],[-19,0],[-6.87,93.97]],"o":[[-58.5,1.5],[-0.5,86],[18.173,0],[4.281,-58.556]],"v":[[-5.375,-157.25],[-122.875,-39.75],[-3.375,139.75],[115.844,-37.194]],"c":true}]},{"i":{"x":0.833,"y":0.833},"o":{"x":0.167,"y":0.167},"t":36,"s":[{"i":[[67.025,-1.719],[0.422,-72.542],[-19,0],[-6.87,93.97]],"o":[[-58.5,1.5],[-0.5,86],[18.173,0],[4.281,-58.556]],"v":[[-5.583,-146.333],[-123.083,-28.833],[-3.583,150.667],[115.636,-26.277]],"c":true}]},{"i":{"x":0.833,"y":0.833},"o":{"x":0.167,"y":0.167},"t":38,"s":[{"i":[[67.025,-1.719],[0.422,-72.542],[-19,0],[-6.87,93.97]],"o":[[-58.5,1.5],[-0.5,86],[18.173,0],[4.281,-58.556]],"v":[[-6,-120],[-123.5,-2.5],[-4,177],[115.219,0.056]],"c":true}]},{"i":{"x":0.833,"y":0.833},"o":{"x":0.167,"y":0.167},"t":39,"s":[{"i":[[67.025,-1.719],[0.422,-72.542],[-19,0],[-6.87,93.97]],"o":[[-58.5,1.5],[-0.5,86],[18.173,0],[4.281,-58.556]],"v":[[-5.333,-110],[-122.833,7.5],[-3.333,187],[115.886,10.056]],"c":true}]},{"i":{"x":0.833,"y":0.833},"o":{"x":0.167,"y":0.167},"t":41,"s":[{"i":[[67.025,-1.719],[0.422,-72.542],[-19,0],[-6.87,93.97]],"o":[[-58.5,1.5],[-0.5,86],[18.173,0],[4.281,-58.556]],"v":[[-6,-105.75],[-123.5,11.75],[-4,191.25],[115.219,14.306]],"c":true}]},{"i":{"x":0.833,"y":0.833},"o":{"x":0.167,"y":0.167},"t":45,"s":[{"i":[[67.025,-1.719],[0.422,-72.542],[-19,0],[-6.87,93.97]],"o":[[-58.5,1.5],[-0.5,86],[18.173,0],[4.281,-58.556]],"v":[[-7,-135],[-124.5,-17.5],[-5,162],[114.219,-14.944]],"c":true}]},{"i":{"x":0.833,"y":0.833},"o":{"x":0.167,"y":0.167},"t":48,"s":[{"i":[[67.025,-1.719],[0.422,-72.542],[-19,0],[-6.87,93.97]],"o":[[-58.5,1.5],[-0.5,86],[18.173,0],[4.281,-58.556]],"v":[[-7,-132],[-124.5,-14.5],[-5,165],[114.219,-11.944]],"c":true}]},{"i":{"x":0.833,"y":0.833},"o":{"x":0.167,"y":0.167},"t":51,"s":[{"i":[[67.025,-1.719],[0.422,-72.542],[-19,0],[-6.87,93.97]],"o":[[-58.5,1.5],[-0.5,86],[18.173,0],[4.281,-58.556]],"v":[[-7,-117],[-124.5,0.5],[-5,180],[114.219,3.056]],"c":true}]},{"i":{"x":0.833,"y":0.833},"o":{"x":0.167,"y":0.167},"t":53,"s":[{"i":[[67.025,-1.719],[0.422,-72.542],[-19,0],[-6.87,93.97]],"o":[[-58.5,1.5],[-0.5,86],[18.173,0],[4.281,-58.556]],"v":[[-6.429,-114.905],[-123.929,2.595],[-4.429,182.095],[114.791,5.151]],"c":true}]},{"i":{"x":0.833,"y":0.833},"o":{"x":0.167,"y":0.167},"t":57,"s":[{"i":[[67.025,-1.719],[0.422,-72.542],[-19,0],[-6.87,93.97]],"o":[[-58.5,1.5],[-0.5,86],[18.173,0],[4.281,-58.556]],"v":[[-5.286,-122.714],[-122.786,-5.214],[-3.286,174.286],[115.934,-2.658]],"c":true}]},{"i":{"x":0.833,"y":0.833},"o":{"x":0.167,"y":0.167},"t":63,"s":[{"i":[[67.025,-1.719],[0.422,-72.542],[-19,0],[-6.87,93.97]],"o":[[-58.5,1.5],[-0.5,86],[18.173,0],[4.281,-58.556]],"v":[[-4,-124],[-121.5,-6.5],[-2,173],[117.219,-3.944]],"c":true}]},{"t":65,"s":[{"i":[[67.025,-1.719],[0.422,-72.542],[-19,0],[-6.87,93.97]],"o":[[-58.5,1.5],[-0.5,86],[18.173,0],[4.281,-58.556]],"v":[[-4,-123],[-121.5,-5.5],[-2,174],[117.219,-2.944]],"c":true}]}],"ix":2},"nm":"Path 1","mn":"ADBE Vector Shape - Group","hd":false},{"ty":"gf","o":{"a":0,"k":100,"ix":10},"r":1,"bm":0,"g":{"p":3,"k":{"a":0,"k":[0,1,0.533,0,0.5,1,0.341,0,1,1,0.149,0],"ix":9}},"s":{"a":1,"k":[{"i":{"x":0.833,"y":0.833},"o":{"x":0.167,"y":0.167},"t":0,"s":[0,-40],"to":[0,0],"ti":[0,0]},{"i":{"x":0.833,"y":0.833},"o":{"x":0.167,"y":0.167},"t":10,"s":[0,-40],"to":[0,-21.5],"ti":[0,-22]},{"i":{"x":0.833,"y":0.833},"o":{"x":0.167,"y":0.167},"t":17,"s":[0,-169],"to":[0,12.277],"ti":[0,-63.774]},{"i":{"x":0.833,"y":0.833},"o":{"x":0.167,"y":0.167},"t":23,"s":[0,-142.636],"to":[0,50.502],"ti":[0,-19.224]},{"i":{"x":0.833,"y":0.833},"o":{"x":0.167,"y":0.167},"t":28,"s":[0,92],"to":[0,27.075],"ti":[0,36.951]},{"i":{"x":0.833,"y":0.833},"o":{"x":0.167,"y":0.167},"t":33,"s":[0,-15.696],"to":[0,-22.416],"ti":[0,0]},{"i":{"x":0.833,"y":0.833},"o":{"x":0.167,"y":0.167},"t":36,"s":[0,-4],"to":[0,0],"ti":[0,4.667]},{"i":{"x":0.833,"y":0.833},"o":{"x":0.167,"y":0.167},"t":42,"s":[0,17.999],"to":[0,-9.333],"ti":[0,4]},{"t":63,"s":[0,-40]}],"ix":5},"e":{"a":0,"k":[4,219],"ix":6},"t":1,"nm":"Gradient Fill 1","mn":"ADBE Vector Graphic - G-Fill","hd":false},{"ty":"st","c":{"a":0,"k":[1,1,1,1],"ix":3},"o":{"a":0,"k":100,"ix":4},"w":{"a":0,"k":0,"ix":5},"lc":1,"lj":1,"ml":4,"bm":0,"nm":"Stroke 1","mn":"ADBE Vector Graphic - Stroke","hd":false},{"ty":"fl","c":{"a":0,"k":[1,0.274509803922,0,1],"ix":4},"o":{"a":0,"k":100,"ix":5},"r":1,"bm":0,"nm":"Fill 1","mn":"ADBE Vector Graphic - Fill","hd":false},{"ty":"tr","p":{"a":0,"k":[0,0],"ix":2},"a":{"a":0,"k":[0,0],"ix":1},"s":{"a":0,"k":[100,100],"ix":3},"r":{"a":0,"k":0,"ix":6},"o":{"a":0,"k":100,"ix":7},"sk":{"a":0,"k":0,"ix":4},"sa":{"a":0,"k":0,"ix":5},"nm":"Transform"}],"nm":"Shape 1","np":4,"cix":2,"bm":0,"ix":1,"mn":"ADBE Vector Group","hd":false}],"ip":0,"op":64,"st":0,"bm":0},{"ddd":0,"ind":7,"ty":4,"nm":"second_ring 2","sr":1,"ks":{"o":{"a":0,"k":100,"ix":11},"r":{"a":0,"k":0,"ix":10},"p":{"a":0,"k":[540,540,0],"ix":2},"a":{"a":0,"k":[0,0,0],"ix":1},"s":{"a":0,"k":[100,100,100],"ix":6}},"ao":0,"shapes":[{"ty":"gr","it":[{"d":1,"ty":"el","s":{"a":1,"k":[{"i":{"x":[0.833,0.833],"y":[0.833,0.833]},"o":{"x":[0.167,0.167],"y":[0.167,0.167]},"t":51,"s":[56.134,34]},{"i":{"x":[0.833,0.833],"y":[0.833,0.833]},"o":{"x":[0.167,0.167],"y":[0.167,0.167]},"t":53,"s":[75.105,45.11]},{"i":{"x":[0.833,0.833],"y":[0.833,0.833]},"o":{"x":[0.167,0.167],"y":[0.167,0.167]},"t":56,"s":[99.4,59.274]},{"i":{"x":[0.833,0.833],"y":[0.833,0.833]},"o":{"x":[0.167,0.167],"y":[0.167,0.167]},"t":60,"s":[122.975,72.893]},{"i":{"x":[0.833,0.833],"y":[0.833,0.833]},"o":{"x":[0.167,0.167],"y":[0.167,0.167]},"t":63,"s":[131.8,77.857]},{"t":65,"s":[260.935,154]}],"ix":2},"p":{"a":0,"k":[-3,2],"ix":3},"nm":"Ellipse Path 1","mn":"ADBE Vector Shape - Ellipse","hd":false},{"ty":"st","c":{"a":0,"k":[0.952941236309,0.690196078431,0.011764706817,1],"ix":3},"o":{"a":0,"k":100,"ix":4},"w":{"a":1,"k":[{"i":{"x":[0.833],"y":[0.833]},"o":{"x":[0.167],"y":[0.167]},"t":49,"s":[0]},{"i":{"x":[0.833],"y":[0.833]},"o":{"x":[0.167],"y":[0.167]},"t":50,"s":[0]},{"i":{"x":[0.833],"y":[0.833]},"o":{"x":[0.167],"y":[0.167]},"t":51,"s":[5]},{"i":{"x":[0.833],"y":[0.833]},"o":{"x":[0.167],"y":[0.167]},"t":58,"s":[3]},{"i":{"x":[0.833],"y":[0.833]},"o":{"x":[0.167],"y":[0.167]},"t":63,"s":[0]},{"t":65,"s":[0]}],"ix":5},"lc":1,"lj":1,"ml":4,"bm":0,"nm":"Stroke 1","mn":"ADBE Vector Graphic - Stroke","hd":false},{"ty":"tr","p":{"a":0,"k":[-0.5,170],"ix":2},"a":{"a":0,"k":[0,0],"ix":1},"s":{"a":0,"k":[100,100],"ix":3},"r":{"a":0,"k":0,"ix":6},"o":{"a":0,"k":100,"ix":7},"sk":{"a":0,"k":0,"ix":4},"sa":{"a":0,"k":0,"ix":5},"nm":"Transform"}],"nm":"Ellipse 1","np":3,"cix":2,"bm":0,"ix":1,"mn":"ADBE Vector Group","hd":false}],"ip":50,"op":66,"st":50,"bm":0},{"ddd":0,"ind":8,"ty":4,"nm":"second_ring","sr":1,"ks":{"o":{"a":0,"k":100,"ix":11},"r":{"a":0,"k":0,"ix":10},"p":{"a":0,"k":[540,540,0],"ix":2},"a":{"a":0,"k":[0,0,0],"ix":1},"s":{"a":0,"k":[100,100,100],"ix":6}},"ao":0,"shapes":[{"ty":"gr","it":[{"d":1,"ty":"el","s":{"a":1,"k":[{"i":{"x":[0.833,0.833],"y":[0.833,0.833]},"o":{"x":[0.167,0.167],"y":[0.167,0.167]},"t":44,"s":[51.181,31]},{"i":{"x":[0.833,0.833],"y":[0.833,0.833]},"o":{"x":[0.167,0.167],"y":[0.167,0.167]},"t":45,"s":[93.88,55]},{"i":{"x":[0.833,0.833],"y":[0.833,0.833]},"o":{"x":[0.167,0.167],"y":[0.167,0.167]},"t":46,"s":[130.467,77]},{"i":{"x":[0.833,0.833],"y":[0.833,0.833]},"o":{"x":[0.167,0.167],"y":[0.167,0.167]},"t":47,"s":[145.717,86]},{"i":{"x":[0.833,0.833],"y":[0.833,0.833]},"o":{"x":[0.167,0.167],"y":[0.167,0.167]},"t":48,"s":[160.966,95]},{"i":{"x":[0.833,0.833],"y":[0.833,0.833]},"o":{"x":[0.167,0.167],"y":[0.167,0.167]},"t":49,"s":[164.355,97]},{"i":{"x":[0.833,0.833],"y":[0.833,0.833]},"o":{"x":[0.167,0.167],"y":[0.167,0.167]},"t":50,"s":[172.827,102]},{"i":{"x":[0.833,0.833],"y":[0.833,0.833]},"o":{"x":[0.167,0.167],"y":[0.167,0.167]},"t":51,"s":[181.299,107]},{"i":{"x":[0.833,0.833],"y":[0.833,0.833]},"o":{"x":[0.167,0.167],"y":[0.167,0.167]},"t":52,"s":[188.076,111]},{"i":{"x":[0.833,0.833],"y":[0.833,0.833]},"o":{"x":[0.167,0.167],"y":[0.167,0.167]},"t":53,"s":[194.854,115]},{"i":{"x":[0.833,0.833],"y":[0.833,0.833]},"o":{"x":[0.167,0.167],"y":[0.167,0.167]},"t":54,"s":[199.937,118]},{"i":{"x":[0.833,0.833],"y":[0.833,0.833]},"o":{"x":[0.167,0.167],"y":[0.167,0.167]},"t":55,"s":[205.02,121]},{"i":{"x":[0.833,0.833],"y":[0.833,0.833]},"o":{"x":[0.167,0.167],"y":[0.167,0.167]},"t":56,"s":[206.714,122]},{"i":{"x":[0.833,0.833],"y":[0.833,0.833]},"o":{"x":[0.167,0.167],"y":[0.167,0.167]},"t":57,"s":[208.409,123]},{"i":{"x":[0.833,0.833],"y":[0.833,0.833]},"o":{"x":[0.167,0.167],"y":[0.167,0.167]},"t":58,"s":[260.935,154]},{"t":65,"s":[274.49,162]}],"ix":2},"p":{"a":1,"k":[{"i":{"x":0.833,"y":0.833},"o":{"x":0.167,"y":0.167},"t":45,"s":[-3,2],"to":[0,0],"ti":[0,0]},{"i":{"x":0.833,"y":0.833},"o":{"x":0.167,"y":0.167},"t":47,"s":[-3,2],"to":[0,0.167],"ti":[0,-0.167]},{"t":48,"s":[-3,3]}],"ix":3},"nm":"Ellipse Path 1","mn":"ADBE Vector Shape - Ellipse","hd":false},{"ty":"st","c":{"a":0,"k":[0.952941236309,0.690196078431,0.011764706817,1],"ix":3},"o":{"a":0,"k":100,"ix":4},"w":{"a":1,"k":[{"i":{"x":[0.833],"y":[0.833]},"o":{"x":[0.167],"y":[0.167]},"t":42,"s":[0]},{"i":{"x":[0.833],"y":[0.833]},"o":{"x":[0.167],"y":[0.167]},"t":43,"s":[0]},{"i":{"x":[0.833],"y":[0.833]},"o":{"x":[0.167],"y":[0.167]},"t":44,"s":[5]},{"i":{"x":[0.833],"y":[0.833]},"o":{"x":[0.167],"y":[0.167]},"t":46,"s":[7]},{"i":{"x":[0.833],"y":[0.833]},"o":{"x":[0.167],"y":[0.167]},"t":48,"s":[10]},{"i":{"x":[0.833],"y":[0.833]},"o":{"x":[0.167],"y":[0.167]},"t":58,"s":[0]},{"t":65,"s":[0]}],"ix":5},"lc":1,"lj":1,"ml":4,"bm":0,"nm":"Stroke 1","mn":"ADBE Vector Graphic - Stroke","hd":false},{"ty":"tr","p":{"a":0,"k":[-0.5,170],"ix":2},"a":{"a":0,"k":[0,0],"ix":1},"s":{"a":0,"k":[100,100],"ix":3},"r":{"a":0,"k":0,"ix":6},"o":{"a":0,"k":100,"ix":7},"sk":{"a":0,"k":0,"ix":4},"sa":{"a":0,"k":0,"ix":5},"nm":"Transform"}],"nm":"Ellipse 1","np":3,"cix":2,"bm":0,"ix":1,"mn":"ADBE Vector Group","hd":false}],"ip":43,"op":107,"st":43,"bm":0},{"ddd":0,"ind":9,"ty":4,"nm":"first_ring","sr":1,"ks":{"o":{"a":0,"k":100,"ix":11},"r":{"a":0,"k":0,"ix":10},"p":{"a":0,"k":[540,540,0],"ix":2},"a":{"a":0,"k":[0,0,0],"ix":1},"s":{"a":0,"k":[100,100,100],"ix":6}},"ao":0,"shapes":[{"ty":"gr","it":[{"d":1,"ty":"el","s":{"a":1,"k":[{"i":{"x":[0.833,0.833],"y":[0.833,0.833]},"o":{"x":[0.167,0.167],"y":[0.167,0.167]},"t":30,"s":[108.966,66]},{"i":{"x":[0.833,0.833],"y":[0.833,0.833]},"o":{"x":[0.167,0.167],"y":[0.167,0.167]},"t":31,"s":[139.966,82]},{"i":{"x":[0.833,0.833],"y":[0.833,0.833]},"o":{"x":[0.167,0.167],"y":[0.167,0.167]},"t":32,"s":[160.966,95]},{"i":{"x":[0.833,0.833],"y":[0.833,0.833]},"o":{"x":[0.167,0.167],"y":[0.167,0.167]},"t":33,"s":[177.91,105]},{"i":{"x":[0.833,0.833],"y":[0.833,0.833]},"o":{"x":[0.167,0.167],"y":[0.167,0.167]},"t":34,"s":[191.465,113]},{"i":{"x":[0.833,0.833],"y":[0.833,0.833]},"o":{"x":[0.167,0.167],"y":[0.167,0.167]},"t":35,"s":[199.937,118]},{"i":{"x":[0.833,0.833],"y":[0.833,0.833]},"o":{"x":[0.167,0.167],"y":[0.167,0.167]},"t":36,"s":[210.103,124]},{"i":{"x":[0.833,0.833],"y":[0.833,0.833]},"o":{"x":[0.167,0.167],"y":[0.167,0.167]},"t":37,"s":[223.658,132]},{"i":{"x":[0.833,0.833],"y":[0.833,0.833]},"o":{"x":[0.167,0.167],"y":[0.167,0.167]},"t":38,"s":[228.741,135]},{"i":{"x":[0.833,0.833],"y":[0.833,0.833]},"o":{"x":[0.167,0.167],"y":[0.167,0.167]},"t":39,"s":[237.213,140]},{"i":{"x":[0.833,0.833],"y":[0.833,0.833]},"o":{"x":[0.167,0.167],"y":[0.167,0.167]},"t":40,"s":[243.991,144]},{"i":{"x":[0.833,0.833],"y":[0.833,0.833]},"o":{"x":[0.167,0.167],"y":[0.167,0.167]},"t":41,"s":[243.991,144]},{"i":{"x":[0.833,0.833],"y":[0.833,0.833]},"o":{"x":[0.167,0.167],"y":[0.167,0.167]},"t":42,"s":[252.463,149]},{"i":{"x":[0.833,0.833],"y":[0.833,0.833]},"o":{"x":[0.167,0.167],"y":[0.167,0.167]},"t":44,"s":[260.935,154]},{"t":51,"s":[274.49,162]}],"ix":2},"p":{"a":1,"k":[{"i":{"x":0.833,"y":0.833},"o":{"x":0.167,"y":0.167},"t":31,"s":[-3,2],"to":[0,0],"ti":[0,0]},{"i":{"x":0.833,"y":0.833},"o":{"x":0.167,"y":0.167},"t":33,"s":[-3,2],"to":[0,0.167],"ti":[0,-0.167]},{"t":34,"s":[-3,3]}],"ix":3},"nm":"Ellipse Path 1","mn":"ADBE Vector Shape - Ellipse","hd":false},{"ty":"st","c":{"a":0,"k":[0.952941236309,0.690196078431,0.011764706817,1],"ix":3},"o":{"a":0,"k":100,"ix":4},"w":{"a":1,"k":[{"i":{"x":[0.833],"y":[0.833]},"o":{"x":[0.167],"y":[0.167]},"t":29,"s":[0]},{"i":{"x":[0.833],"y":[0.833]},"o":{"x":[0.167],"y":[0.167]},"t":30,"s":[0]},{"i":{"x":[0.833],"y":[0.833]},"o":{"x":[0.167],"y":[0.167]},"t":31,"s":[8]},{"i":{"x":[0.833],"y":[0.833]},"o":{"x":[0.167],"y":[0.167]},"t":34,"s":[10]},{"i":{"x":[0.833],"y":[0.833]},"o":{"x":[0.167],"y":[0.167]},"t":44,"s":[10]},{"t":51,"s":[0]}],"ix":5},"lc":1,"lj":1,"ml":4,"bm":0,"nm":"Stroke 1","mn":"ADBE Vector Graphic - Stroke","hd":false},{"ty":"tr","p":{"a":0,"k":[-0.5,170],"ix":2},"a":{"a":0,"k":[0,0],"ix":1},"s":{"a":0,"k":[100,100],"ix":3},"r":{"a":0,"k":0,"ix":6},"o":{"a":0,"k":100,"ix":7},"sk":{"a":0,"k":0,"ix":4},"sa":{"a":0,"k":0,"ix":5},"nm":"Transform"}],"nm":"Ellipse 1","np":3,"cix":2,"bm":0,"ix":1,"mn":"ADBE Vector Group","hd":false}],"ip":29,"op":64,"st":0,"bm":0}],"markers":[]}